generation,population
1,218721
2,185193
3,182233
4,171314
5,166393
6,158980
7,153473
8,148815
9,144636
10,140685
11,136452
12,133121
13,129678
14,126705
15,124286
16,121278
17,119039
18,116161
19,114434
20,111561
21,109964
22,107590
23,106241
24,104781
25,102249
26,101167
27,98867
28,97647
29,96534
30,94923
31,94187
32,92898
33,91751
34,91008
35,89981
36,88950
37,88155
38,87330
39,86547
40,86201
41,85033
42,84533
43,83926
44,83395
45,82429
46,81717
47,81329
48,80677
49,80045
50,79637
51,78967
52,78274
53,77588
54,77599
55,76807
56,76236
57,75771
58,75276
59,75089
60,74471
61,73835
62,73547
63,73310
64,72906
65,72251
66,71748
67,71481
68,70736
69,70480
70,70171
71,69641
72,69620
73,69068
74,68956
75,68339
76,68549
77,67947
78,67547
79,67055
80,66530
81,66259
82,65625
83,65275
84,64963
85,64749
86,64244
87,64065
88,63769
89,63251
90,62765
91,62784
92,62352
93,62427
94,61974
95,61964
96,62091
97,61880
98,61711
99,61559
100,61213
101,61103
102,60752
103,60710
104,60436
105,60025
106,60048
107,59817
108,59816
109,59883
110,60018
111,59642
112,59713
113,59242
114,59083
115,58591
116,58165
117,57902
118,57811
119,57729
120,57602
121,57288
122,57604
123,57082
124,56657
125,56540
126,55933
127,55764
128,55448
129,55263
130,55148
131,54709
132,54677
133,54734
134,54454
135,54253
136,53680
137,53178
138,52764
139,52435
140,52111
141,51867
142,51614
143,51318
144,51149
145,51218
146,51151
147,50804
148,51030
149,50757
150,50457
151,50265
152,49871
153,49800
154,49793
155,49737
156,49755
157,49500
158,49277
159,49154
160,49234
161,49127
162,48925
163,48940
164,48909
165,49147
166,48666
167,48978
168,48397
169,48700
170,48333
171,48360
172,47975
173,48034
174,47731
175,47399
176,47288
177,47034
178,47387
179,47230
180,47274
181,47210
182,46969
183,46966
184,46629
185,46506
186,46415
187,46158
188,45985
189,46453
190,45919
191,45916
192,45463
193,45406
194,45705
195,45666
196,45875
197,45659
198,45410
199,45529
200,45618
201,45330
202,45502
203,45256
204,45352
205,45738
206,45917
207,45678
208,45612
209,45836
210,45935
211,46212
212,45859
213,45888
214,45834
215,45756
216,45706
217,45365
218,45381
219,45294
220,45106
221,45148
222,45032
223,44729
224,44880
225,45089
226,45085
227,45199
228,44960
229,45188
230,44887
231,45112
232,44912
233,44691
234,45138
235,44984
236,44905
237,44851
238,44766
239,44598
240,44565
241,44370
242,44411
243,44212
244,43856
245,43894
246,43567
247,43807
248,43449
249,43711
250,43468
251,43753
252,43513
253,43485
254,43292
255,43364
256,43439
257,43353
258,43363
259,43094
260,43358
261,42854
262,42900
263,42559
264,42672
265,42092
266,42431
267,42182
268,42350
269,42214
270,42233
271,42190
272,42013
273,41960
274,41958
275,42082
276,42149
277,42100
278,41836
279,41863
280,41606
281,41565
282,41652
283,41624
284,41609
285,41647
286,41434
287,41364
288,41375
289,41327
290,41363
291,41067
292,41090
293,41099
294,41347
295,40789
296,40888
297,40768
298,40926
299,40785
300,40627
301,40655
302,40580
303,40364
304,40503
305,40246
306,40517
307,40411
308,40184
309,40603
310,40370
311,40537
312,40358
313,40521
314,40490
315,40371
316,40553
317,40558
318,40285
319,40268
320,40178
321,39937
322,40256
323,39791
324,39889
325,39883
326,39872
327,39940
328,39792
329,39850
330,39609
331,39340
332,39739
333,39450
334,39177
335,39288
336,39172
337,38949
338,38846
339,38884
340,38967
341,38677
342,38792
343,38471
344,38622
345,38408
346,38298
347,38070
348,38331
349,38245
350,38396
351,38016
352,38177
353,37990
354,37964
355,37989
356,37741
357,37739
358,37680
359,37419
360,37388
361,37375
362,37270
363,37289
364,37192
365,37218
366,37082
367,37153
368,37196
369,37093
370,37250
371,37135
372,37185
373,37081
374,36943
375,37274
376,37208
377,37130
378,37180
379,36920
380,36917
381,36989
382,36940
383,36844
384,37019
385,36573
386,36712
387,36793
388,36740
389,36840
390,36785
391,36952
392,36925
393,36879
394,36872
395,37086
396,37233
397,36957
398,36921
399,36929
400,36716
401,36818
402,36596
403,36741
404,36495
405,36680
406,36618
407,36724
408,36835
409,36728
410,36700
411,36770
412,36670
413,36695
414,36842
415,36981
416,36821
417,36959
418,36740
419,36697
420,36653
421,36400
422,36619
423,36448
424,36441
425,36558
426,36165
427,36318
428,36269
429,36139
430,36081
431,36194
432,36002
433,36015
434,36018
435,36034
436,36085
437,36236
438,36030
439,35947
440,35842
441,35813
442,35728
443,35640
444,35765
445,35504
446,35513
447,35285
448,35240
449,35170
450,35174
451,35005
452,35073
453,35085
454,34736
455,34635
456,34577
457,34708
458,34696
459,34581
460,34255
461,34503
462,34203
463,34224
464,34093
465,34222
466,33994
467,34029
468,34127
469,34150
470,34281
471,34126
472,34283
473,34405
474,34449
475,34299
476,34452
477,34438
478,34238
479,34202
480,34216
481,33859
482,33898
483,33828
484,34066
485,33767
486,33733
487,33798
488,33759
489,33737
490,33778
491,33791
492,33794
493,33794
494,33945
495,33990
496,33949
497,34079
498,33857
499,33781
500,33977
501,34015
502,33854
503,33978
504,33809
505,34010
506,33829
507,34009
508,33790
509,34134
510,33885
511,34048
512,33785
513,33876
514,33839
515,33672
516,33688
517,33844
518,33791
519,33808
520,33796
521,33822
522,33796
523,33847
524,33505
525,33652
526,33238
527,33426
528,33259
529,33538
530,33425
531,33460
532,33529
533,33520
534,33382
535,33387
536,33433
537,33438
538,33681
539,33660
540,33740
541,33631
542,33641
543,33536
544,33582
545,33545
546,33701
547,33586
548,33436
549,33437
550,33292
551,33153
552,32902
553,32830
554,32507
555,32435
556,32197
557,32052
558,32007
559,31867
560,32066
561,32134
562,32224
563,32070
564,32063
565,32010
566,31964
567,32172
568,32397
569,32289
570,32183
571,32356
572,32239
573,32260
574,32377
575,32218
576,32233
577,32158
578,32303
579,32111
580,32261
581,32149
582,32148
583,31935
584,32123
585,31892
586,32007
587,31814
588,32012
589,31865
590,31867
591,31888
592,31980
593,32192
594,32049
595,32134
596,32252
597,32214
598,32204
599,32278
600,32325
601,32262
602,32181
603,32076
604,32037
605,31944
606,31997
607,31790
608,31994
609,31724
610,31776
611,31717
612,31553
613,31487
614,31365
615,31314
616,31300
617,31525
618,31499
619,31340
620,31282
621,31357
622,31573
623,31431
624,31467
625,31327
626,31385
627,31220
628,31244
629,31274
630,31374
631,31361
632,31306
633,31403
634,31321
635,31267
636,31073
637,31108
638,30894
639,30898
640,30736
641,30871
642,30782
643,31049
644,30958
645,31036
646,30992
647,30917
648,30677
649,30799
650,30677
651,30752
652,30658
653,30640
654,30721
655,30571
656,30652
657,30429
658,30278
659,30376
660,29974
661,30020
662,29815
663,29917
664,29946
665,29960
666,30022
667,30132
668,30009
669,30018
670,29943
671,29992
672,30082
673,30251
674,30334
675,30319
676,30250
677,30338
678,30273
679,30211
680,30078
681,30064
682,30071
683,29925
684,30080
685,29944
686,30113
687,29948
688,30046
689,29984
690,30151
691,30065
692,30173
693,29883
694,30149
695,29933
696,30093
697,29957
698,29934
699,30049
700,30069
701,30251
702,30152
703,30226
704,29993
705,30097
706,30090
707,30111
708,30211
709,30101
710,30081
711,29948
712,30152
713,29982
714,30100
715,29822
716,29963
717,29686
718,29733
719,29675
720,29617
721,29689
722,29693
723,29678
724,29705
725,29826
726,29924
727,29876
728,29890
729,29709
730,29728
731,29865
732,29818
733,29962
734,29973
735,30026
736,30035
737,30076
738,29977
739,30029
740,29939
741,29873
742,30008
743,29792
744,29972
745,29909
746,29836
747,29962
748,29880
749,29857
750,29918
751,29982
752,29979
753,29825
754,30116
755,30005
756,29971
757,29763
758,29606
759,29591
760,29543
761,29404
762,29421
763,29414
764,29212
765,29177
766,29085
767,29229
768,29358
769,29244
770,29389
771,29366
772,29155
773,29111
774,29211
775,29157
776,29052
777,28906
778,28855
779,29038
780,28787
781,28933
782,28864
783,28879
784,29052
785,28986
786,28930
787,29007
788,28942
789,28888
790,28919
791,29003
792,28873
793,28755
794,28943
795,28882
796,29081
797,28957
798,28978
799,28989
800,28996
801,28955
802,29046
803,29300
804,29255
805,29047
806,28967
807,28889
808,28821
809,28853
810,29061
811,29026
812,28980
813,28937
814,28944
815,28847
816,28694
817,28752
818,28703
819,28750
820,28685
821,28557
822,28445
823,28464
824,28396
825,28404
826,28157
827,28282
828,28456
829,28531
830,28265
831,28409
832,28302
833,28494
834,28524
835,28425
836,28601
837,28574
838,28669
839,28652
840,28752
841,28719
842,28628
843,28662
844,28734
845,28796
846,28818
847,29072
848,28977
849,28984
850,28881
851,28902
852,28821
853,28896
854,28911
855,29050
856,28963
857,29093
858,28683
859,28745
860,28677
861,28750
862,28793
863,28778
864,28572
865,28406
866,28460
867,28414
868,28456
869,28328
870,28451
871,28305
872,28257
873,28064
874,28240
875,28298
876,28312
877,28272
878,28207
879,28436
880,28381
881,28451
882,28485
883,28406
884,28338
885,28455
886,28399
887,28353
888,28421
889,28501
890,28432
891,28202
892,28505
893,28245
894,28628
895,28581
896,28439
897,28231
898,28314
899,28398
900,28229
901,28169
902,28230
903,28250
904,28258
905,28451
906,28405
907,28404
908,28688
909,28461
910,28470
911,28568
912,28299
913,28492
914,28285
915,28403
916,28458
917,28398
918,28401
919,28342
920,28221
921,28230
922,28129
923,28337
924,28187
925,28200
926,28202
927,28131
928,28050
929,27995
930,27941
931,28026
932,27866
933,27890
934,28006
935,28016
936,27941
937,27906
938,27833
939,27812
940,27768
941,27698
942,27690
943,27605
944,27595
945,27523
946,27600
947,27487
948,27676
949,27596
950,27600
951,27512
952,27516
953,27515
954,27576
955,27683
956,27506
957,27546
958,27440
959,27352
960,27399
961,27428
962,27456
963,27344
964,27390
965,27423
966,27549
967,27548
968,27556
969,27460
970,27423
971,27440
972,27389
973,27373
974,27376
975,27492
976,27454
977,27314
978,27425
979,27318
980,27249
981,27208
982,27362
983,27241
984,27226
985,27299
986,27191
987,27164
988,27217
989,27153
990,27277
991,27428
992,27410
993,27327
994,27477
995,27318
996,27479
997,27558
998,27503
999,27684
1000,27310
1001,27463
